topic0,species spatial host biomass size communities results ecosystems growth important dynamics mortality conditions plant community complex decomposition california warming oxidation
topic1,urban region local land patterns regions traditional program agricultural area agriculture small-scale farmers predation maritime city demand household runoff farming
topic2,species population data coastal variation marine populations sea abundance studies patterns temperature relative sites increase areas ecological conservation islands distribution
topic3,dna disease peptide gene cell cellular diseases development biological genetic human tissue pathway biology identified presented target nucleation sequence micelles
topic4,parameters study analysis band electron srtio polarization fields range developed results direction approach phenomena order conditions development current highly behavior
topic5,immigrant family chinese culture good responsibility community life border stem gender migrant cultural corporate american experience discourse provide lives comparative
topic6,molecular reaction formation reactions synthetic chemistry nanoparticles surface catalyst complex conditions oxide methods surfaces developed compounds catalysts properties chemical rare
topic7,studies task differences research participants mental results cognitive study showed emotional effects model suggests conditions investigate compared experiments mechanisms behavioral
topic8,stress support impact relationship research positive satisfaction levels data impacts increased response symptoms trauma context future suggest found significantly affect
topic9,materials properties high material organic energy structure cells temperature solar applications small devices electron control crystal design absorption work molecules
topic10,learning place knowledge teaching los mathematics angeles ways influence folding ideas department making understand small instructors decisions environment mathematical degree
topic11,high design devices ghz current device layer gate performance base power channel higher technology density scaling emitter voltage thz transistors
topic12,change climate variability vegetation california soil precipitation region ocean events records record water regional news processes understanding san atlantic surface
topic13,students education school student college research academic development high science writing program educational class practices participants teacher factors analysis latent
topic14,study participants learning english positive language online process findings social individuals support perceptions contexts responses relationship team expectations negative communication
topic15,information social users communication case study computing dissertation results business optimal camera cues networks finally individuals behavior distributed network decisions
topic16,work japanese material particle reliability design deformation produced element mobility chicano safety fracture pore large particles interface higher melting resistance
topic17,study research survey professional groups attitudes findings results teachers faculty california individual sample levels level differences qualitative current university examined
topic18,century literary study studies text work science show early digital female discourse question status examines relation ways relationship thought genre
topic19,social international states rights united political economic global american program national case government analysis influence u.s institutions privacy community institutional
topic20,risk factors analysis analyses low study class significant variables protective scale score criterion engagement differences examined significantly factor hope results
topic21,optical gan laser grown low hybrid layers coherent diodes active lasers beam electronic demonstrated system range increase applications films high
topic22,cells cell protein function expression signaling results molecular including genes death induced development proteins pkr neuronal neurons immune process receptor
topic23,synthesis patterns group computer account function collaboration marine structure low e.g slip total describes presence rise part minority sound index
topic24,sexual queer alternative gay men partners lesbian responses action work possibilities governance safe adar lgbtq frequently men's space tube mating
topic25,data performance techniques research analysis information approach systems knowledge methods provide applications video dissertation challenges present implementation effective focus tools
topic26,data image multiple technology images present analysis scale mobile dissertation high local applied time technologies sensor mapping technique process sources
topic27,theory evolution database theories mind key development support application system source presented considered i.e mechanism access e.g improvement finally making
topic28,resource delta rates resources management characteristics system provide large rate range benthic differences interactions data time cloud consumption threshold higher
topic29,adhesion medieval physical adhesive role forces play queen mussel adhesives friction adaptation visibility environment dopa surface converts modern dissertation love
topic30,media cultural american culture literature texts works space literary historical world representations artists narrative film project popular personal aesthetic modern
topic31,properties thermal order bulk charge show conductivity theory physical morphology investigate effect conditions domains based field polymer critical lead electrical
topic32,functions control complexity optimal domain methods number spectrum efficient state equation equations dynamical numerical approaches boundary validation accurately requires periodic
topic33,influence behavior experiment effects activity experiments individual results time effect online test research control group individuals found present suggest behaviors
topic34,performance practical theory coding prediction song information search design protocols signal address distortion exploit internet generate actions filter pitch set
topic35,water island sediment natural suggests age high microbial flux result curvature flow environmental experiment late earth potential observations common crystals
topic36,spatial visual search performance analysis tracking human recognition information space task location attention environment temporal role eye object retrieval features
topic37,model models based system framework modeling data method time test order behavior provide tests optimization general propose computational study existing
topic38,system systems ability delivery biological efficient part procedural based results current natural time category optimal feedback approaches function nature special
topic39,sensing detection signal remote frequency resolution mass noise microfluidic domain response design single method analog platform sensitivity emission process spectroscopy
topic40,systems system interactions proteins activity protein sites species mechanisms structure understanding growth understand mechanism binding bacterial cdi found provide present
topic41,state dissertation study global development subject research local field collective authority emergent response turn government nature form variety capitalism construction
topic42,effects dynamics aggregation lipid important processes properties membrane transition dynamic interactions studies function method bilayer size impact microscopy vesicles understanding
topic43,growth efficiency light devices leds high device quantum semipolar thermoelectric structures due ingan conversion emission led iii-nitride performance solar visible
topic44,language discourse dissertation order based english linguistic practices structure context analysis languages part grammar colonial speech ideologies constructions expression approaches
topic45,identity health gender movement social identities ways practices movements power work studies society theory analysis public states understand spaces theories
topic46,environmental production chapter workers green labor early home industry investment work farm majority aging worker sustainability differences natural vascular conflicts
topic47,women public services policy human policies social questions male female support issues level sex change develop address work party local
topic48,quantum phase spin experimental model magnetic state systems surface results experiments states simulations measurements energy flow due solution field observed
topic49,networks network design problem graph graphs functional show process large mining thesis solutions wireless work properties human set connectivity propose
topic50,youth context cycle form temple forms costa ideology living veterans movement story pregnancy composition epistemology including plays honor salsa interpretation
topic51,energy cluster role risk memory theory effects altered number credit states life theories string experimental assessments relationship experience amount combined
topic52,range formation ages reduction rocks palestinian monazite exposed rock evolution central gneiss magmatism crustal siderophores volcanic study igneous mountain hydrothermal
topic53,structures carbon low nature silica release range complexes mechanical stability direct increased water characterized response fluid environments mechanisms surface temperature
topic54,early modern period century chapter california santa argue understanding role barbara nature made movement occupation catholic world john community life
topic55,music city musical works work part effort piano dissertation research process compositional portfolio document urban compositions songs create reserves fixed
topic56,ethnic group american community groups cultural one's development argue order interpretation study form exploration knowledge socialization present asian important cultures
topic57,management effects conflict decision alcohol evidence age adult variables model impact economic drinking vulnerability health fishery increases stress outcomes results
topic58,children treatment social parents intervention native parent study asd results conversation child outcomes discussed training autism interventions children's abuse affect
topic59,chapter tau approach period thesis rhythms coral circadian moment translation popular objects issues works learners times plays coca greek discussion
topic60,model models stochastic water results time data times events groundwater function present study analysis process observed ratio parameters spatial values
topic61,problem algorithm methods simulation problems algorithms space set computational number results performance work proposed spatial develop large error model systems
topic62,power low integration current based due photonic cost silicon high integrated proposed applications potential achieve challenges cmos channel communication loss
topic63,market memory find economy human risk capital increase family development labor care housing financial examines growth dissertation essays employment sector
topic64,religious history christian work dissertation religion islamic practice scholars sources art argues order sacred roman period concepts chapters elements experience
topic65,political art rural national narrative historical state dissertation religious voice popular practice unique social period control reveals nation campaign larger
topic66,study data black model local field large background events mass evidence find thesis end regions related extension normal construction top
topic67,polymer block standard phase control search films ionic technique phases variety copolymers polymers self-assembly copolymer structures compared thin strategies insulin
topic68,black south white history african french dissertation study spanish century argue women spaces theater colonial africa ways importance years citizens
topic69,social political dissertation racial race identity communities research war politics violence examines studies project people cultural study transnational contemporary central
topic70,food chapter estimates land distance uncertainty cover years cocaine high productivity carbon model forest storage water snow ecosystem streamflow watershed